first_name,last_name,phone,email
Aleshia,Tomkiewicz,15662539,aleshia.tomkiewicz@yourservername.com
Evan,Zigomalas,95268752,evan.zigomalas@yourservername.com
France,Andrade,21270779,france.andrade@yourservername.com
Ulysses,Mcwalters,96910242,ulysses.mcwalters@yourservername.com
Tyisha,Veness,29331619,tyisha.veness@yourservername.com
Eric,Rampy,45135414,eric.rampy@yourservername.com
Marg,Grasmick,11825486,marg.grasmick@yourservername.com
Laquita,Hisaw,78803938,laquita.hisaw@yourservername.com
Lura,Manzella,63335260,lura.manzella@yourservername.com
Yuette,Klapec,92964845,yuette.klapec@yourservername.com
Fernanda,Writer,32671371,fernanda.writer@yourservername.com
Charlesetta,Erm,98802367,charlesetta.erm@yourservername.com
Corrinne,Jaret,72798800,corrinne.jaret@yourservername.com
Niesha,Bruch,42161711,niesha.bruch@yourservername.com
Rueben,Gastellum,81261603,rueben.gastellum@yourservername.com
Michell,Throssell,64057266,michell.throssell@yourservername.com
Edgar,Kanne,44272243,edgar.kanne@yourservername.com
Dewitt,Julio,44617842,dewitt.julio@yourservername.com
Charisse,Spinello,88217263,charisse.spinello@yourservername.com
Mee,Lapinski,58091694,mee.lapinski@yourservername.com
Peter,Gutierres,16507349,peter.gutierres@yourservername.com
Octavio,Salvadore,17145946,octavio.salvadore@yourservername.com
Martha,Teplica,59749548,martha.teplica@yourservername.com
Tamesha,Veigel,92973138,tamesha.veigel@yourservername.com
Tess,Sitra,34972253,tess.sitra@yourservername.com
Leonard,Kufner,30908373,leonard.kufner@yourservername.com
Svetlana,Tauras,27888842,svetlana.tauras@yourservername.com
Pok,Molaison,66957714,pok.molaison@yourservername.com
Augustine,Growcock,53661428,augustine.growcock@yourservername.com
Karma,Quarto,44316867,karma.quarto@yourservername.com
Reed,Weisinger,11006737,reed.weisinger@yourservername.com
German,Zelaya,80188087,german.zelaya@yourservername.com
Milly,Savidge,33701783,milly.savidge@yourservername.com
Luis,Ear,91164382,luis.ear@yourservername.com
Ciara,Cobbley,90264347,ciara.cobbley@yourservername.com
Alethea,Mould,67803962,alethea.mould@yourservername.com
Margurite,Loperfido,34173095,margurite.loperfido@yourservername.com
Vernice,Sperazza,91414479,vernice.sperazza@yourservername.com
Vicente,Rawicki,63874693,vicente.rawicki@yourservername.com
Craig,Cua,50458450,craig.cua@yourservername.com
Jenise,Dulle,89708348,jenise.dulle@yourservername.com
Marylin,Cornelison,36248983,marylin.cornelison@yourservername.com
Marget,Gunst,65418603,marget.gunst@yourservername.com
Annett,Bunselmeyer,86425881,annett.bunselmeyer@yourservername.com
Kip,Turziano,14794362,kip.turziano@yourservername.com
Melina,Orizabal,33975495,melina.orizabal@yourservername.com
Tina,Clapham,49602666,tina.clapham@yourservername.com
Luisa,Devereux,96848321,luisa.devereux@yourservername.com
Pedro,Aschoff,88883539,pedro.aschoff@yourservername.com
Carrol,Kunimitsu,15132404,carrol.kunimitsu@yourservername.com
Alba,Mosseri,82808169,alba.mosseri@yourservername.com
Domonique,Sandlin,11868718,domonique.sandlin@yourservername.com
Rory,Neufville,55126844,rory.neufville@yourservername.com
Dustin,Klingaman,39317584,dustin.klingaman@yourservername.com
Lyndia,Moonshower,70927084,lyndia.moonshower@yourservername.com
Jules,Hiltner,19216263,jules.hiltner@yourservername.com
Dong,Kopczynski,65277751,dong.kopczynski@yourservername.com
Justine,Salta,12630902,justine.salta@yourservername.com
Chantay,Kamens,55536437,chantay.kamens@yourservername.com
Tequila,Chisum,68428916,tequila.chisum@yourservername.com
Maybelle,Consolazio,71827581,maybelle.consolazio@yourservername.com
Margarett,Bairo,10578796,margarett.bairo@yourservername.com
Janessa,Noonon,47910221,janessa.noonon@yourservername.com
Sol,Cowser,72412057,sol.cowser@yourservername.com
Louann,Smethers,37626761,louann.smethers@yourservername.com
Lindsay,Yadao,99852977,lindsay.yadao@yourservername.com
Malika,Hanton,93739860,malika.hanton@yourservername.com
Stefany,Ferenz,50260818,stefany.ferenz@yourservername.com
Abraham,Cratch,86309280,abraham.cratch@yourservername.com
Giuseppe,Rohaley,64362744,giuseppe.rohaley@yourservername.com
Kiera,Bassil,88645814,kiera.bassil@yourservername.com
Wendell,Rubano,65892407,wendell.rubano@yourservername.com
Stevie,Stifflemire,37034835,stevie.stifflemire@yourservername.com
Yun,Paletta,13208004,yun.paletta@yourservername.com
Brittani,Thurm,25940855,brittani.thurm@yourservername.com
Billy,Venus,35275481,billy.venus@yourservername.com
Brynn,Elkan,68688626,brynn.elkan@yourservername.com
Elroy,Piehler,41265412,elroy.piehler@yourservername.com
Anisha,Shulick,14461543,anisha.shulick@yourservername.com
Bettina,Kham,59940630,bettina.kham@yourservername.com
Velda,Mancilla,90710136,velda.mancilla@yourservername.com
Marta,Brace,88812007,marta.brace@yourservername.com
Juan,Vanwyhe,81033114,juan.vanwyhe@yourservername.com
Lelia,Filion,19947571,lelia.filion@yourservername.com
Una,Frankel,96811606,una.frankel@yourservername.com
Eva,Joulwan,53067096,eva.joulwan@yourservername.com
Mammie,Dormanen,49309178,mammie.dormanen@yourservername.com
Jeannetta,Coolidge,48496588,jeannetta.coolidge@yourservername.com
Elbert,Drawe,23479674,elbert.drawe@yourservername.com
Lenny,Gazzola,98803925,lenny.gazzola@yourservername.com
Mira,Alpheaus,56790804,mira.alpheaus@yourservername.com
Cathern,Ungar,10026508,cathern.ungar@yourservername.com
Malcom,Fleckles,27099895,malcom.fleckles@yourservername.com
Monroe,Damato,55039452,monroe.damato@yourservername.com
Leota,Fletchen,71002125,leota.fletchen@yourservername.com
Berry,Gutoski,24719897,berry.gutoski@yourservername.com
Meghan,Riherd,49574737,meghan.riherd@yourservername.com
Mike,Torner,15124724,mike.torner@yourservername.com
Elsa,Delisle,42979980,elsa.delisle@yourservername.com
Linwood,Rosenlof,87808861,linwood.rosenlof@yourservername.com
Latosha,Alexy,16536283,latosha.alexy@yourservername.com
Alexia,Meenan,11502404,alexia.meenan@yourservername.com
Graham,Stanwick,30725165,graham.stanwick@yourservername.com
Elinore,Fulda,35523965,elinore.fulda@yourservername.com
Lisbeth,Creecy,49171569,lisbeth.creecy@yourservername.com
Eloisa,Faurote,73605447,eloisa.faurote@yourservername.com
Shawana,Cantua,53669287,shawana.cantua@yourservername.com
Alyssa,Ansbro,61369979,alyssa.ansbro@yourservername.com
Kyoko,Mcmillian,98252319,kyoko.mcmillian@yourservername.com
Terry,Gauthier,67584232,terry.gauthier@yourservername.com
Sena,Langenbach,60214586,sena.langenbach@yourservername.com
Cristen,Nesset,21783954,cristen.nesset@yourservername.com
Lashawn,Ker,76902434,lashawn.ker@yourservername.com
Wade,Sovel,41843269,wade.sovel@yourservername.com
Whitney,Tishler,81943287,whitney.tishler@yourservername.com
Deja,Conatser,60418624,deja.conatser@yourservername.com
Earnestine,Casper,26247112,earnestine.casper@yourservername.com
Frankie,Marruffo,88055642,frankie.marruffo@yourservername.com
Paola,Dease,45791495,paola.dease@yourservername.com
Rodrigo,Hawkin,47867801,rodrigo.hawkin@yourservername.com
Luther,Alsman,56216226,luther.alsman@yourservername.com
Casey,Dondero,36118433,casey.dondero@yourservername.com
Ressie,Bontemps,17272459,ressie.bontemps@yourservername.com
Sean,Schurman,58151583,sean.schurman@yourservername.com
Celestina,Pince,60536356,celestina.pince@yourservername.com
Maira,Karas,74465784,maira.karas@yourservername.com
Beth,Barbone,58363875,beth.barbone@yourservername.com
Wei,Nobel,26408904,wei.nobel@yourservername.com
Melissia,Slotemaker,39744818,melissia.slotemaker@yourservername.com
Letha,Akey,33679315,letha.akey@yourservername.com
Isaac,Semrad,27151635,isaac.semrad@yourservername.com
Kristine,Klipfel,79614320,kristine.klipfel@yourservername.com
Odette,Moussette,39877490,odette.moussette@yourservername.com
Hobert,Panfilov,99411692,hobert.panfilov@yourservername.com
Isadora,Mchughes,73956801,isadora.mchughes@yourservername.com
Emily,Pogorelc,37551099,emily.pogorelc@yourservername.com
Desire,Barresi,73697833,desire.barresi@yourservername.com
Rosalind,Stamps,86337025,rosalind.stamps@yourservername.com
Vernell,Connley,55473317,vernell.connley@yourservername.com
Micheline,Mathieson,78422446,micheline.mathieson@yourservername.com
Nathan,Outhouse,56526487,nathan.outhouse@yourservername.com
Allene,Burau,61799192,allene.burau@yourservername.com
Julie,Sakshaug,44839119,julie.sakshaug@yourservername.com
Francisca,Shuhi,26008688,francisca.shuhi@yourservername.com
Marisha,Wilcoxon,66950736,marisha.wilcoxon@yourservername.com
Telma,Maraia,71636509,telma.maraia@yourservername.com
Luke,Crete,17792488,luke.crete@yourservername.com
Hubert,Mias,79281240,hubert.mias@yourservername.com
Janella,Altobell,14507240,janella.altobell@yourservername.com
Angelo,Lavista,66731044,angelo.lavista@yourservername.com
Tran,Mandiola,89395151,tran.mandiola@yourservername.com
Reynalda,Vanhooser,72371069,reynalda.vanhooser@yourservername.com
Salley,Rieger,65395673,salley.rieger@yourservername.com
Cheryll,Yurich,58201528,cheryll.yurich@yourservername.com
Crista,Viengxay,22630603,crista.viengxay@yourservername.com
Lino,Sutulovich,14343788,lino.sutulovich@yourservername.com
Galen,Wendorf,44225958,galen.wendorf@yourservername.com
Gilbert,Langarica,68464361,gilbert.langarica@yourservername.com
Whitney,Goossen,60034086,whitney.goossen@yourservername.com
Socorro,Abrahams,78296661,socorro.abrahams@yourservername.com
Mauricio,Flam,45650506,mauricio.flam@yourservername.com
Phillip,Aloi,13607399,phillip.aloi@yourservername.com
Gilberto,Erixon,18450994,gilberto.erixon@yourservername.com
Thad,Puskarich,99049176,thad.puskarich@yourservername.com
Bambi,Favaron,60031544,bambi.favaron@yourservername.com
Marshall,Kozikowski,10583104,marshall.kozikowski@yourservername.com
Chery,Wiederin,16432591,chery.wiederin@yourservername.com
Eileen,Montecalvo,30242756,eileen.montecalvo@yourservername.com
Melita,Szpak,65493030,melita.szpak@yourservername.com
Ashley,Jessie,20969706,ashley.jessie@yourservername.com
Laila,Fend,59232347,laila.fend@yourservername.com
Bobbie,Guillereault,75632023,bobbie.guillereault@yourservername.com
Dana,Paluszynski,63050175,dana.paluszynski@yourservername.com
Freida,Newyear,14204869,freida.newyear@yourservername.com
Val,Cellucci,54415412,val.cellucci@yourservername.com
Horace,Knapp,27473507,horace.knapp@yourservername.com
Joana,Reinecke,69911198,joana.reinecke@yourservername.com
Tiara,Schlichter,95489626,tiara.schlichter@yourservername.com
Dacia,Swaisgood,77661856,dacia.swaisgood@yourservername.com
Myong,Babineaux,39367305,myong.babineaux@yourservername.com
Gene,Bleile,56859263,gene.bleile@yourservername.com
Kanisha,Difiora,85894947,kanisha.difiora@yourservername.com
Ayesha,Moeder,38559818,ayesha.moeder@yourservername.com
Lanie,Smalarz,99823991,lanie.smalarz@yourservername.com
Jaleesa,Polintan,96230494,jaleesa.polintan@yourservername.com
Tamekia,Flotow,99335541,tamekia.flotow@yourservername.com
Ula,Otey,95817548,ula.otey@yourservername.com
Rosendo,Ratel,98690861,rosendo.ratel@yourservername.com
Timmy,Lintner,17359426,timmy.lintner@yourservername.com
Zita,Speltz,95873004,zita.speltz@yourservername.com
Aleisha,Lemm,55223041,aleisha.lemm@yourservername.com
Naomi,Lavezzo,34667955,naomi.lavezzo@yourservername.com
Aretha,Bowling,21868756,aretha.bowling@yourservername.com
Mila,Figuera,99190218,mila.figuera@yourservername.com
Orville,Zuehl,31405756,orville.zuehl@yourservername.com
Gabriele,Geschke,43376211,gabriele.geschke@yourservername.com
Kara,Jaquish,31302985,kara.jaquish@yourservername.com
Kenny,Lin,66888115,kenny.lin@yourservername.com
Vashti,Sugai,21619871,vashti.sugai@yourservername.com
Jordan,Handsaker,50866072,jordan.handsaker@yourservername.com
Carisa,Degenhardt,29009063,carisa.degenhardt@yourservername.com
Audrie,Danaher,77281446,audrie.danaher@yourservername.com
Shaunna,Rodamis,55014675,shaunna.rodamis@yourservername.com
Coleen,Langer,12972104,coleen.langer@yourservername.com
Katie,Choinski,96186364,katie.choinski@yourservername.com
Dannie,Brau,89356626,dannie.brau@yourservername.com
Ashanti,Donn,87893633,ashanti.donn@yourservername.com
Madalyn,Dubberly,25700776,madalyn.dubberly@yourservername.com
Santos,Signore,89655181,santos.signore@yourservername.com
Alyce,Flamino,75224913,alyce.flamino@yourservername.com
Pearly,Ero,48294870,pearly.ero@yourservername.com
Cherrie,Nitschke,37626383,cherrie.nitschke@yourservername.com
Maia,Shadd,79725286,maia.shadd@yourservername.com
Edwin,Logghe,16639997,edwin.logghe@yourservername.com
Leigha,Semenza,28577190,leigha.semenza@yourservername.com
Walker,Seeger,10410941,walker.seeger@yourservername.com
Nakita,Rodrigues,42876839,nakita.rodrigues@yourservername.com
Kattie,Ozane,23100804,kattie.ozane@yourservername.com
Lamar,Suite,23506858,lamar.suite@yourservername.com
Juliana,Uken,26997851,juliana.uken@yourservername.com
Chan,Loftin,81205408,chan.loftin@yourservername.com
Delpha,Detamore,43342269,delpha.detamore@yourservername.com
Floyd,Tivis,61909750,floyd.tivis@yourservername.com
Chantell,Besong,45045727,chantell.besong@yourservername.com
Martin,Fonua,91474669,martin.fonua@yourservername.com
Hyun,Erdman,64904094,hyun.erdman@yourservername.com
Nada,Arey,30041047,nada.arey@yourservername.com
Elizabeth,Pata,82497080,elizabeth.pata@yourservername.com
Dominic,Washmuth,12518487,dominic.washmuth@yourservername.com
Alise,Packebush,93101168,alise.packebush@yourservername.com
Flo,Bardsley,46837044,flo.bardsley@yourservername.com
Bonita,Sandblom,78598320,bonita.sandblom@yourservername.com
Royal,Rush,11068551,royal.rush@yourservername.com
Erasmo,Talentino,71678632,erasmo.talentino@yourservername.com
Mari,Smeby,53175123,mari.smeby@yourservername.com
Eleonora,Ventry,26185466,eleonora.ventry@yourservername.com
Therese,Shiraki,53338170,therese.shiraki@yourservername.com
Rodolfo,Scavuzzo,40721314,rodolfo.scavuzzo@yourservername.com
Cruz,Fanelli,27626420,cruz.fanelli@yourservername.com
Arlyne,Dellinger,63060349,arlyne.dellinger@yourservername.com
Edward,Strejan,41765926,edward.strejan@yourservername.com
Christoper,Sheneman,79129375,christoper.sheneman@yourservername.com
Melda,Colamarino,92131929,melda.colamarino@yourservername.com
Margot,Peay,10366110,margot.peay@yourservername.com
Gerald,Drozdenko,87594590,gerald.drozdenko@yourservername.com
Tomoko,Renno,11736475,tomoko.renno@yourservername.com
Mendy,Wassmann,35219346,mendy.wassmann@yourservername.com
Daryl,Hilcher,42335535,daryl.hilcher@yourservername.com
Ty,Feeback,56192093,ty.feeback@yourservername.com
King,Vanacore,35590106,king.vanacore@yourservername.com
Isidra,Varnado,18628604,isidra.varnado@yourservername.com
Tonja,Driesenga,28787214,tonja.driesenga@yourservername.com
Shaquana,Featherston,48124005,shaquana.featherston@yourservername.com
Gilberto,Feagins,96607055,gilberto.feagins@yourservername.com
Rex,Faehnle,87082083,rex.faehnle@yourservername.com
Adolph,Cunningham,12771434,adolph.cunningham@yourservername.com
Queen,Leader,30560906,queen.leader@yourservername.com
Rebbecca,Rufenacht,13115467,rebbecca.rufenacht@yourservername.com
Ardella,Goldrup,26645568,ardella.goldrup@yourservername.com
Dallas,Miyashiro,37161000,dallas.miyashiro@yourservername.com
Vivan,Jenious,29629930,vivan.jenious@yourservername.com
Han,Dzledzic,80076301,han.dzledzic@yourservername.com
Emilio,Guitierrez,81374682,emilio.guitierrez@yourservername.com
Latia,Cos,90365258,latia.cos@yourservername.com
Lilli,Cureau,80735262,lilli.cureau@yourservername.com
Maryanne,Siske,35515711,maryanne.siske@yourservername.com
Eliz,Strimple,68826386,eliz.strimple@yourservername.com
Laura,Gumaer,31608326,laura.gumaer@yourservername.com
Leanora,Respicio,43737776,leanora.respicio@yourservername.com
Sherell,Pomarico,87058732,sherell.pomarico@yourservername.com
Charlie,Isita,43424879,charlie.isita@yourservername.com
Veronique,Nuckolls,71618317,veronique.nuckolls@yourservername.com
Antonio,Villamarin,70217754,antonio.villamarin@yourservername.com
Louvenia,Kincannon,34155076,louvenia.kincannon@yourservername.com
Roxanne,Hedegore,64539358,roxanne.hedegore@yourservername.com
Eve,Hoffstot,12003177,eve.hoffstot@yourservername.com
Kenda,Koza,79830119,kenda.koza@yourservername.com
Elden,Mercik,92564850,elden.mercik@yourservername.com
Kami,Ferre,55032224,kami.ferre@yourservername.com
Selene,Zeng,91895796,selene.zeng@yourservername.com
Deangelo,Rardon,73861435,deangelo.rardon@yourservername.com
Olen,Ailey,34872722,olen.ailey@yourservername.com
Lanie,Smarsh,64221712,lanie.smarsh@yourservername.com
Lynna,Breheny,26262319,lynna.breheny@yourservername.com
Jody,Klitzing,40936952,jody.klitzing@yourservername.com
Antonio,Glasford,73699481,antonio.glasford@yourservername.com
Merilyn,Scurci,32401938,merilyn.scurci@yourservername.com
Elliott,Kins,83289527,elliott.kins@yourservername.com
Leonie,Devereux,67326314,leonie.devereux@yourservername.com
Eulah,Syrop,63035998,eulah.syrop@yourservername.com
Marsha,Tarry,99586508,marsha.tarry@yourservername.com
Mignon,Luger,93005160,mignon.luger@yourservername.com
Tu,Rivet,44368571,tu.rivet@yourservername.com
Adelle,Schantini,72101942,adelle.schantini@yourservername.com
Douglass,Fonnesbeck,67593334,douglass.fonnesbeck@yourservername.com
Evette,Mazierski,42272153,evette.mazierski@yourservername.com
Geraldo,Okoren,62887013,geraldo.okoren@yourservername.com
Clarinda,Pelayo,19520023,clarinda.pelayo@yourservername.com
Reuben,Mccorrison,57676931,reuben.mccorrison@yourservername.com
Yen,Groody,84672217,yen.groody@yourservername.com
Tanja,Milne,97788284,tanja.milne@yourservername.com
Jerlene,Holtgrewe,19164618,jerlene.holtgrewe@yourservername.com
Almeta,Keehner,59476538,almeta.keehner@yourservername.com
Wilda,Brigham,32529052,wilda.brigham@yourservername.com
Remedios,Arlinghaus,92526913,remedios.arlinghaus@yourservername.com
Margret,Alcazar,22514711,margret.alcazar@yourservername.com
Denny,Casalenda,50566816,denny.casalenda@yourservername.com
Carolynn,Atkison,73970144,carolynn.atkison@yourservername.com
Amina,Goulbourne,54204310,amina.goulbourne@yourservername.com
Janna,Przybyl,41125891,janna.przybyl@yourservername.com
Emiko,Sayre,30109747,emiko.sayre@yourservername.com
In,Muns,51222532,in.muns@yourservername.com
Eleni,Vanscoik,46475099,eleni.vanscoik@yourservername.com
Kandis,Alsbury,59109869,kandis.alsbury@yourservername.com
Kina,Saltman,14220048,kina.saltman@yourservername.com
Jacki,Sterback,80937980,jacki.sterback@yourservername.com
Fallon,Kerfoot,92307221,fallon.kerfoot@yourservername.com
Precious,Brabble,18442907,precious.brabble@yourservername.com
Glory,Ona,34252934,glory.ona@yourservername.com
Tamesha,Tyburski,17004961,tamesha.tyburski@yourservername.com
Brande,Cutlip,33180858,brande.cutlip@yourservername.com
Olene,Skubis,17101288,olene.skubis@yourservername.com
Carey,Marchetta,96592090,carey.marchetta@yourservername.com
Launa,Torez,58573226,launa.torez@yourservername.com
Dominga,Whitrock,40190856,dominga.whitrock@yourservername.com
Dwight,Belyea,98180624,dwight.belyea@yourservername.com
Cornell,Mccrossin,14941341,cornell.mccrossin@yourservername.com
Alverta,Topete,59418419,alverta.topete@yourservername.com
Felicia,Claybrooks,19442590,felicia.claybrooks@yourservername.com
Carmen,Gillham,36320049,carmen.gillham@yourservername.com
Ashlee,Beyl,77112088,ashlee.beyl@yourservername.com
Vannessa,Land,21337059,vannessa.land@yourservername.com
Patti,Rempel,30632548,patti.rempel@yourservername.com
German,Meyerhoff,39828552,german.meyerhoff@yourservername.com
Anika,Marse,38649902,anika.marse@yourservername.com
Cristina,Marola,40572190,cristina.marola@yourservername.com
Lemuel,Allis,14190476,lemuel.allis@yourservername.com
Joaquin,Hysom,78891877,joaquin.hysom@yourservername.com
Kerrie,Makuch,62545426,kerrie.makuch@yourservername.com
Alaine,Raterman,69183578,alaine.raterman@yourservername.com
Shannon,Kobayashi,68237821,shannon.kobayashi@yourservername.com
Corinne,Holman,12910032,corinne.holman@yourservername.com
Heidy,Hallford,68691259,heidy.hallford@yourservername.com
Marylyn,Shonerd,46196898,marylyn.shonerd@yourservername.com
Maryln,Mortenson,54414266,maryln.mortenson@yourservername.com
Pearlie,Flori,93251831,pearlie.flori@yourservername.com
Nina,Yaklin,50835582,nina.yaklin@yourservername.com
Vivienne,Torrain,91486663,vivienne.torrain@yourservername.com
Jacob,Kippel,87804915,jacob.kippel@yourservername.com
Tula,Nahmias,85152537,tula.nahmias@yourservername.com
Berry,Scandalis,93008022,berry.scandalis@yourservername.com
Kaycee,Carsten,89418634,kaycee.carsten@yourservername.com
Melvin,Setter,55894852,melvin.setter@yourservername.com
Brianne,Matsumura,37919821,brianne.matsumura@yourservername.com
Eugene,Pelzer,12768747,eugene.pelzer@yourservername.com
Margery,Rohrs,50184423,margery.rohrs@yourservername.com
Noel,Sarra,61457855,noel.sarra@yourservername.com
Beula,Lingo,89480038,beula.lingo@yourservername.com
Sheridan,Mckenize,83212440,sheridan.mckenize@yourservername.com
Dino,Meinert,86224926,dino.meinert@yourservername.com
Rebbeca,Rubinstein,82346605,rebbeca.rubinstein@yourservername.com
Celia,Reisling,75694268,celia.reisling@yourservername.com
Stefania,Weatherwax,25947819,stefania.weatherwax@yourservername.com
Leah,Luchterhand,73378282,leah.luchterhand@yourservername.com
Billy,Selma,35364839,billy.selma@yourservername.com
Doug,Lucore,54951638,doug.lucore@yourservername.com
Veronica,Mcclodden,29523541,veronica.mcclodden@yourservername.com
Laquanda,Kho,85670090,laquanda.kho@yourservername.com
Mohammad,Poitra,19998910,mohammad.poitra@yourservername.com
Mozell,Westad,89484150,mozell.westad@yourservername.com
Bronwyn,Bridgford,94007602,bronwyn.bridgford@yourservername.com
Jeff,Brossoit,44571721,jeff.brossoit@yourservername.com
Shantay,Hopman,28026560,shantay.hopman@yourservername.com
Chantay,Jirsa,57607961,chantay.jirsa@yourservername.com
Keneth,Stpierrie,98142104,keneth.stpierrie@yourservername.com
Alton,Rampy,60779809,alton.rampy@yourservername.com
Patrick,Teisberg,15785761,patrick.teisberg@yourservername.com
Theron,Merriam,28338727,theron.merriam@yourservername.com
Pilar,Seelig,27778378,pilar.seelig@yourservername.com
Lashunda,Argiro,65544609,lashunda.argiro@yourservername.com
Verda,Chiphe,17756743,verda.chiphe@yourservername.com
Ashley,Tropp,80257495,ashley.tropp@yourservername.com
Vesta,Havely,59479749,vesta.havely@yourservername.com
Emogene,Ritthaler,63201806,emogene.ritthaler@yourservername.com
Shayne,Mordhorst,99072246,shayne.mordhorst@yourservername.com
Franchesca,Charry,55725028,franchesca.charry@yourservername.com
Elmira,Ringlein,65756064,elmira.ringlein@yourservername.com
Destiny,Madlem,21821025,destiny.madlem@yourservername.com
Gaston,Szumski,54300797,gaston.szumski@yourservername.com
Ronna,Mittler,33723178,ronna.mittler@yourservername.com
Angelica,Poisso,69874156,angelica.poisso@yourservername.com
Casie,Arzilli,97551196,casie.arzilli@yourservername.com
Magdalene,Cocherell,38929293,magdalene.cocherell@yourservername.com
Erasmo,Gath,89277007,erasmo.gath@yourservername.com
Rosalia,Ziv,37084782,rosalia.ziv@yourservername.com
Lyda,Cronholm,42531749,lyda.cronholm@yourservername.com
Lisandra,Stueber,47949351,lisandra.stueber@yourservername.com
Sabina,Prok,20567640,sabina.prok@yourservername.com
Elenore,Gomoran,46772319,elenore.gomoran@yourservername.com
Brynn,Capra,32563693,brynn.capra@yourservername.com
Leeann,Flory,91561821,leeann.flory@yourservername.com
Janet,Steimer,51067500,janet.steimer@yourservername.com
Lewis,Mellom,22504249,lewis.mellom@yourservername.com
Jestine,Driscol,41606816,jestine.driscol@yourservername.com
Tatum,Parks,46968599,tatum.parks@yourservername.com
Kayleigh,Bendle,35100374,kayleigh.bendle@yourservername.com
Lili,Imondi,74741998,lili.imondi@yourservername.com
Sunshine,Senechal,72250506,sunshine.senechal@yourservername.com
Remona,Heier,63862031,remona.heier@yourservername.com
Gail,Carris,26083663,gail.carris@yourservername.com
Dong,Oropeza,71250380,dong.oropeza@yourservername.com
Larue,Ocacio,64317829,larue.ocacio@yourservername.com
Goldie,Sonkens,69981712,goldie.sonkens@yourservername.com
Shelia,Plues,82121383,shelia.plues@yourservername.com
Narcisa,Araiza,45585046,narcisa.araiza@yourservername.com
Evelynn,Frede,47427469,evelynn.frede@yourservername.com
Arlean,Calaf,19937305,arlean.calaf@yourservername.com
Tamra,Yu,42360526,tamra.yu@yourservername.com
Dusti,Maricle,54356550,dusti.maricle@yourservername.com
Aracelis,Donham,41258249,aracelis.donham@yourservername.com
Filiberto,Fredrikson,11725350,filiberto.fredrikson@yourservername.com
Leana,Stackpole,54434275,leana.stackpole@yourservername.com
Man,Homer,99450636,man.homer@yourservername.com
Lennie,Asley,38425871,lennie.asley@yourservername.com
Arletta,Naomi,32297357,arletta.naomi@yourservername.com
Chana,Perera,93907573,chana.perera@yourservername.com
Nell,Pao,53334121,nell.pao@yourservername.com
Antonio,Heilig,26207907,antonio.heilig@yourservername.com
Gerald,Kernagis,22326245,gerald.kernagis@yourservername.com
Sueann,Mandril,45890229,sueann.mandril@yourservername.com
Alayna,Hoyal,74219540,alayna.hoyal@yourservername.com
Talia,Marthe,19247972,talia.marthe@yourservername.com
Pansy,Kopan,52993598,pansy.kopan@yourservername.com
Royce,Saik,38058412,royce.saik@yourservername.com
Cherelle,Sorrel,87004407,cherelle.sorrel@yourservername.com
Dudley,Dibartolo,37551132,dudley.dibartolo@yourservername.com
Nettie,Aldaco,60881297,nettie.aldaco@yourservername.com
Carline,Bulcao,60472268,carline.bulcao@yourservername.com
Shanda,Lunger,27477827,shanda.lunger@yourservername.com
Emilio,Withers,10562488,emilio.withers@yourservername.com
Lovetta,Study,19042439,lovetta.study@yourservername.com
Felice,Gone,69931566,felice.gone@yourservername.com
Stefania,Leadbeater,76620317,stefania.leadbeater@yourservername.com
Margarita,Orloski,86296977,margarita.orloski@yourservername.com
Paul,Farrin,89187205,paul.farrin@yourservername.com
Anglea,Tritten,63782276,anglea.tritten@yourservername.com
Ona,Bowhall,13399472,ona.bowhall@yourservername.com
Germaine,Hascall,23192861,germaine.hascall@yourservername.com
Vicky,Schellenberge,67250068,vicky.schellenberge@yourservername.com
Carolann,Gross,94855025,carolann.gross@yourservername.com
Rusty,Adelsperger,82731364,rusty.adelsperger@yourservername.com
Cassandra,Bludworth,79107671,cassandra.bludworth@yourservername.com
Teresita,Gesell,20224337,teresita.gesell@yourservername.com
Evangelina,Gius,32731024,evangelina.gius@yourservername.com
Marlon,Tromblay,93893065,marlon.tromblay@yourservername.com
Quiana,Scarsella,78744475,quiana.scarsella@yourservername.com
Viki,Humeniuk,15859742,viki.humeniuk@yourservername.com
Domitila,Weissmann,93385739,domitila.weissmann@yourservername.com
Ivan,Aronov,32480392,ivan.aronov@yourservername.com
Anabel,Baldock,19747703,anabel.baldock@yourservername.com
Carlton,Blyler,54135952,carlton.blyler@yourservername.com
Rashida,Vera,96008416,rashida.vera@yourservername.com
Sherron,Knodel,76977234,sherron.knodel@yourservername.com
Cora,Mossing,10140838,cora.mossing@yourservername.com
Altha,Tischner,68153491,altha.tischner@yourservername.com
Dortha,Yaccarino,93885767,dortha.yaccarino@yourservername.com
Diego,Augle,98133260,diego.augle@yourservername.com
Peggy,Khov,50892245,peggy.khov@yourservername.com
Walton,Yuki,35407589,walton.yuki@yourservername.com
Vallie,Yafaie,48613674,vallie.yafaie@yourservername.com
Tony,Diazdeleon,46288332,tony.diazdeleon@yourservername.com
Val,Villot,10689636,val.villot@yourservername.com
Mel,Picciuto,46930694,mel.picciuto@yourservername.com
Isabella,Piatkowski,99621430,isabella.piatkowski@yourservername.com
Erasmo,Rhea,85463279,erasmo.rhea@yourservername.com
Ivory,Lohrenz,74755054,ivory.lohrenz@yourservername.com
Nikita,Walka,38947774,nikita.walka@yourservername.com
Aleta,Ligons,58728092,aleta.ligons@yourservername.com
Owen,Jentzen,59417216,owen.jentzen@yourservername.com
Pauline,Fling,99186072,pauline.fling@yourservername.com
Tijuana,Machalek,78568663,tijuana.machalek@yourservername.com
Ahmad,Alsaqri,19647820,ahmad.alsaqri@yourservername.com
Jamika,Conoly,84265238,jamika.conoly@yourservername.com
Derrick,Dolloff,62379393,derrick.dolloff@yourservername.com
Jacquelyne,Reibman,93297111,jacquelyne.reibman@yourservername.com
Zachary,Freeburger,12403741,zachary.freeburger@yourservername.com
Sophia,Gaucher,69712602,sophia.gaucher@yourservername.com
Isabelle,Kono,13859579,isabelle.kono@yourservername.com
Ronnie,Brigman,64369190,ronnie.brigman@yourservername.com
Krystina,Schlabaugh,71437583,krystina.schlabaugh@yourservername.com
Rosita,Ausdemore,34845999,rosita.ausdemore@yourservername.com
Huey,Stancil,55793683,huey.stancil@yourservername.com
Elbert,Fiorino,75006720,elbert.fiorino@yourservername.com
Pura,Manciel,88041610,pura.manciel@yourservername.com
Alesia,Katie,70371628,alesia.katie@yourservername.com
Avery,Veit,70188514,avery.veit@yourservername.com
Reid,Euresti,41006330,reid.euresti@yourservername.com
Charlette,Brenning,52404272,charlette.brenning@yourservername.com
Celestina,Keeny,35173577,celestina.keeny@yourservername.com
Mi,Richan,93728847,mi.richan@yourservername.com
